No,Bulan,Tahun,Produksi Padi,Curah Hujan,Suhu,Kelembapan,Sinar Matahari
1,1,2019,247674.9,298.3161692,23.91001855,88.18459243,10248.51786
2,2,2019,324349.3,318.5321075,23.94702459,89.24357874,10045.86577
